keywords,kind
feel free,social
how about,idea
information,kext
I recommand,kext
patent from,kext
companies,kext
what about,idea
see below,kext
http,kext
doumentary,kext
ongoing research,kint
have a look,kext
already happening,kint
interesting article,social
technip already,kint
we already,kint
instructive reading,social
congratulations,social
we are actually,kint
here you will find,kext
a recent experience,kint
already have,kint
we are working on,kint
we have,kint
is currently used,kext
is widely used,kext
competitor,kext
could be used,idea
attached,kext
take a look,kext
see that,kext
look at,kext
why not,idea
example,kext
such as ,kext
standard practice,kext
let's imagine,idea
instead of,idea
let's think,idea
we can imagine,idea
interesting idea,social
dear,social
happy,social
hope,social
I am glad,social
Thanks,social
Hello,social
Thank you,social
barrier,kext
Information,kext
watch,kext
What if,idea
there is,kext
maybe,idea
may be,idea
would,idea
should,idea
opportunity,social
exist,kint
video,kext
could,idea
concept,idea
like ,kext
challenge,social
"Hi,",social
welcome,social
user,social